,ip,port
0,181.209.80.211,999
1,190.216.234.236,8080
2,190.216.243.210,999
3,116.212.128.150,8080
4,195.154.45.115,5836
5,142.44.169.101,5836
6,180.250.216.242,3128
7,14.207.1.205,8080
8,82.165.19.62,80
9,67.219.113.93,8080
10,160.119.44.210,8080
11,27.147.219.46,8080
12,125.164.110.39,8080
13,101.109.113.168,3128
14,103.6.206.17,53281
15,101.109.222.0,8080
16,136.243.209.205,5836
17,45.170.102.10,999
18,163.172.95.237,5836
19,180.183.246.110,8080
20,118.172.176.61,8080
21,14.207.61.157,8080
22,51.159.52.20,5836
23,68.183.121.227,3128
24,173.82.17.187,5836
25,51.77.229.110,3128
26,151.106.55.190,5836
27,134.119.179.198,5836
28,69.162.107.75,5836
29,52.77.224.186,80
30,46.137.198.224,80
31,80.23.125.226,3128
32,35.169.156.54,3128
33,104.248.50.126,3128
34,210.212.69.226,8080
35,84.22.59.202,8080
36,34.72.19.151,3128
37,3.10.145.250,80
38,52.56.220.212,80
39,18.130.89.239,80
40,3.11.214.31,80
41,27.147.133.34,8080
42,128.199.98.46,8080
43,46.4.129.54,80
44,196.52.65.132,80
45,24.106.221.230,53281
46,147.75.109.175,3128
47,76.73.244.68,8888
48,36.90.179.159,8080
49,195.218.155.98,8080
50,183.88.25.154,8080
51,185.64.18.25,8080
52,110.136.119.106,8080
53,202.134.180.50,8080
54,212.129.5.123,5836
55,94.102.2.145,3128
56,192.254.66.238,8080
57,198.229.231.13,8080
58,51.91.158.22,3128
59,14.207.127.28,8080
60,103.19.59.175,8080
61,185.243.56.133,80
62,62.149.99.113,8080
63,110.39.169.66,8080
64,51.158.29.47,5836
65,114.4.250.6,8080
66,163.172.213.204,5836
67,107.178.9.186,8080
68,52.251.47.125,3128
69,140.227.123.254,3128
70,190.89.40.5,999
71,183.89.57.94,8080
72,189.52.154.213,3128
73,200.73.129.61,8080
74,138.201.5.34,8080
75,136.243.209.207,5836
76,34.82.117.185,8888
77,36.92.35.73,3128
78,182.52.137.41,8080
79,50.249.79.18,8080
80,168.90.65.70,8080
81,47.75.161.251,80
82,136.243.38.55,3128
83,185.125.23.49,8080
84,212.83.167.169,5836
85,36.91.32.27,8080
86,212.83.163.194,5836
87,172.104.55.246,80
88,117.102.102.99,8080
89,58.65.197.129,8080
90,200.73.132.107,8080
91,202.70.84.1,8080
92,41.220.131.45,8080
93,51.68.197.53,3128
94,51.38.118.168,3128
95,163.172.29.22,5836
96,185.26.33.133,8080
97,45.76.39.26,3128
98,209.190.32.28,3128
99,85.187.245.2,53281
100,190.216.125.74,999
101,118.96.150.115,8080
102,163.172.193.6,5836
103,88.135.210.179,8080
104,175.106.11.44,80
105,96.2.228.18,8080
106,173.82.177.70,5836
107,139.255.160.102,8080
108,200.106.139.245,8080
109,103.140.109.123,8080
110,190.216.179.227,8080
111,103.249.100.152,80
112,94.74.165.205,8080
113,125.25.206.28,8080
114,103.141.46.251,8080
115,203.81.75.37,8080
116,43.252.145.50,8080
117,45.70.14.206,9991
118,159.192.149.80,8080
119,91.217.42.4,8080
120,103.233.153.126,8888
121,163.172.193.4,5836
122,61.19.151.170,8080
123,118.99.103.2,8080
124,36.37.74.60,8080
125,51.68.61.17,80
126,212.83.166.78,5836
127,110.36.237.125,8080
128,103.140.79.1,8080
129,161.132.79.241,999
130,136.228.165.138,8080
131,181.211.131.174,999
132,91.194.239.122,8080
133,112.78.160.156,8080
134,45.4.0.23,999
135,114.5.24.14,8080
136,45.251.74.228,80
137,183.89.91.237,8080
138,82.223.3.52,8118
139,90.154.148.71,3128
140,168.196.192.114,3128
141,202.152.27.75,8080
142,34.87.56.92,8080
143,43.242.242.196,8080
144,41.206.35.222,8080
145,41.220.132.105,8080
146,88.247.153.104,8080
147,103.233.154.245,8080
148,114.141.91.79,8080
149,103.215.177.180,80
150,181.209.105.91,999
151,213.96.245.47,8080
152,46.242.141.252,5836
153,46.10.21.238,3128
154,183.88.80.142,8080
155,185.106.23.122,5836
156,177.99.162.132,3128
157,117.102.124.234,8082
158,95.71.124.147,8080
159,202.152.51.44,8080
160,91.221.252.18,8080
161,54.38.201.86,3128
162,103.227.255.43,80
163,202.137.25.8,8080
164,191.97.1.215,8080
165,165.16.25.42,9999
166,206.221.186.36,3128
167,79.106.231.70,8080
168,175.17.163.169,8080
169,14.200.99.186,8080
170,190.97.228.30,8080
171,159.65.134.1,8118
172,176.98.43.62,5836
173,106.104.148.2,80
174,212.92.204.54,80
175,94.189.157.5,8080
176,200.10.69.139,999
177,144.91.88.111,5836
178,199.247.16.166,8080
179,86.62.120.68,3128
180,213.81.144.253,9999
181,148.251.153.226,3128
182,95.32.106.15,8080
183,103.122.107.122,8080
184,95.216.228.204,3128
185,36.73.72.195,8080
186,94.250.249.120,8080
187,203.158.167.25,8080
188,103.114.10.177,8080
189,103.255.242.38,8080
190,36.92.88.51,8080
191,81.218.45.167,8081
192,31.28.168.171,5836
193,202.5.48.135,8080
194,195.140.226.244,8080
195,45.231.220.61,999
196,191.97.0.109,8080
197,118.99.98.187,8080
198,37.143.22.34,8080
199,154.127.36.138,8080
200,202.169.254.2,8181
201,185.30.146.18,8080
202,77.238.79.111,8080
203,94.75.76.10,8080
204,37.220.195.14,53281
205,61.7.147.59,8080
206,186.0.231.139,999
207,103.87.48.57,8080
208,103.137.126.98,8080
209,202.179.187.147,3128
210,88.255.94.13,8080
211,102.164.212.54,8080
212,185.109.74.212,8080
213,173.82.78.188,5836
214,83.174.218.83,8080
215,5.200.78.74,8080
216,45.236.171.99,999
217,116.66.197.228,8080
218,41.60.232.94,8080
219,103.231.203.147,80
220,46.41.141.4,5836
221,81.1.213.36,8080
222,180.249.57.127,8080
223,14.207.27.42,8080
224,187.9.212.50,3128
225,87.249.205.103,8080
226,186.193.225.198,3128
227,36.73.63.179,8080
228,37.193.255.82,8080
229,91.214.31.234,8080
230,103.148.228.168,8080
231,31.173.104.66,3128
232,188.187.0.158,8080
233,118.179.144.62,8080
234,124.158.175.19,8080
235,186.96.116.117,8080
236,36.89.234.175,8080
237,190.14.254.178,8080
238,180.245.122.254,8080
239,79.106.228.73,8080
240,181.188.166.82,8080
241,212.95.180.50,53281
242,45.71.36.29,8080
243,113.161.68.30,80
244,180.183.102.98,8080
245,186.167.48.234,3128
246,180.250.101.146,8080
247,103.80.83.165,8080
248,27.255.75.134,5836
249,46.242.138.214,5836
250,46.166.151.175,5836
251,45.177.145.234,999
252,190.96.91.243,8080
253,163.172.193.9,5836
254,103.36.35.135,8080
255,36.66.61.119,8080
256,102.164.252.150,8080
257,78.111.97.178,3128
258,1.0.133.14,8080
259,117.102.70.130,8080
260,183.88.10.53,8080
261,171.103.158.70,8080
262,83.170.68.168,3128
263,158.140.181.6,3128
264,104.250.98.11,3128
265,203.81.91.80,8080
266,51.38.99.86,3128
267,49.229.98.34,80
268,45.169.163.73,8080
269,153.142.70.170,8080
270,182.52.140.57,8080
271,110.49.11.50,8080
272,1.2.254.185,8080
273,61.91.183.86,8080
274,186.0.137.94,3128
275,201.8.210.156,8080
276,182.253.122.6,8080
277,165.16.96.91,8080
278,5.252.192.100,5836
279,200.111.182.6,443
280,41.220.136.105,8080
281,190.83.124.2,999
282,200.24.205.179,8080
283,201.65.226.82,3128
284,45.152.120.3,8080
285,46.18.210.90,5836
286,183.89.164.106,8080
287,193.169.20.99,5836
288,24.172.225.122,53281
289,109.62.181.166,8080
290,45.174.254.4,999
291,114.5.20.130,8080
292,134.119.195.138,5836
293,73.138.75.53,8080
294,125.26.179.95,8080
295,200.54.247.98,8080
296,68.188.63.149,8080
297,202.62.11.106,8080
298,80.89.133.210,3128
299,180.246.17.244,8080
300,162.252.58.253,5836
301,189.170.12.63,8080
302,75.151.213.85,8080
303,180.183.0.38,8080
304,49.48.103.179,8080
305,79.106.224.212,8080
306,45.173.196.51,80
307,122.249.127.177,8118
308,110.77.171.217,8080
309,180.183.230.195,8080
310,110.36.239.234,8080
311,180.211.183.2,8080
312,182.253.93.2,53281
313,183.88.104.14,8080
314,157.245.65.128,3128
315,212.83.147.129,5836
316,185.126.34.203,5836
317,103.254.54.1,8080
318,115.85.73.179,3128
319,203.190.2.181,8080
320,136.243.209.203,5836
321,45.175.166.35,8080
322,1.2.183.55,8080
323,189.50.2.17,8080
324,180.200.238.130,8080
325,177.190.177.145,8080
326,46.239.41.67,8080
327,103.89.156.1,8080
328,91.224.182.49,8080
329,119.82.242.124,80
330,45.226.30.1,999
331,179.189.27.28,8080
332,116.197.134.222,8080
333,190.2.210.98,8080
334,86.34.197.6,23500
335,139.255.102.242,3128
336,176.193.11.123,8080
337,168.228.193.214,999
338,203.112.76.193,8080
339,5.58.88.175,8080
340,201.186.133.141,999
341,188.65.237.46,49733
342,128.199.223.13,3128
343,212.83.147.195,5836
344,212.129.4.96,5836
345,139.5.71.80,23500
346,151.80.65.175,3128
347,36.90.51.176,8181
348,187.95.114.125,3128
349,46.242.142.165,5836
350,190.103.28.161,999
351,117.54.239.18,8080
352,202.56.167.40,8080
353,193.169.20.158,5836
354,119.2.41.178,8080
355,181.129.98.146,8080
356,186.46.184.182,8080
357,223.30.190.74,8080
358,43.246.143.74,8080
359,103.16.133.11,8080
360,131.161.49.202,8080
361,103.216.48.83,8080
362,201.182.150.103,999
363,1.32.44.107,8080
364,200.55.218.202,53281
365,27.50.18.42,23500
366,196.44.67.172,53281
367,118.179.75.213,8080
368,51.75.60.203,5836
369,113.53.83.210,39695
370,203.189.89.153,8080
371,115.84.99.82,8080
372,51.159.93.9,5836
373,95.47.234.1,8080
374,35.214.228.66,3128
375,182.253.168.153,8080
376,5.160.209.231,8080
377,103.101.17.172,8080
378,95.38.14.9,80
379,212.83.166.19,5836
380,177.74.252.191,3128
381,41.90.125.221,80
382,212.83.147.123,5836
383,180.183.129.96,8080
384,46.238.48.82,8080
385,180.253.131.34,8080
386,187.62.209.155,8080
387,36.91.188.18,3128
388,103.98.128.27,8081
389,202.169.51.46,8080
390,113.163.157.250,8080
391,64.56.218.161,8080
392,154.0.4.180,8080
393,107.178.6.30,8080
394,185.145.144.14,8080
395,201.234.60.10,999
396,203.189.244.58,8080
397,103.15.241.30,8181
398,46.41.141.3,5836
399,89.221.54.114,8080
400,212.83.166.122,5836
401,185.101.34.121,5836
402,125.161.46.183,8080
403,46.239.40.100,8080
404,193.25.120.80,8080
405,212.100.65.12,3129
406,103.28.149.107,3128
407,51.15.239.174,8118
408,183.89.56.243,8080
409,103.151.227.66,8080
410,140.227.229.208,3128
411,45.186.145.113,999
412,187.188.168.57,9991
413,203.210.84.59,80
414,182.48.79.85,8080
415,179.189.125.222,8080
416,185.243.56.237,80
417,80.94.160.214,3128
418,80.240.201.8,8080
419,186.251.95.155,8080
420,157.100.58.113,999
421,197.248.184.158,53281
422,45.121.218.182,3128
423,115.74.213.139,8080
424,200.73.129.61,80
425,185.106.22.137,5836
426,149.129.240.8,8080
427,159.192.138.170,8080
428,14.207.129.88,8080
429,195.22.148.5,5836
430,187.188.168.60,999
431,51.254.35.77,8080
432,103.12.246.122,8080
433,46.146.220.173,8080
434,203.150.113.55,8080
435,202.143.122.122,8080
436,103.56.232.170,8080
437,182.71.146.148,8080
438,190.211.82.72,8081
439,1.64.75.130,3128
440,213.129.56.108,8080
441,103.109.2.73,8080
442,200.69.86.196,999
443,186.96.111.178,999
444,190.124.30.249,8080
445,41.220.114.154,8080
446,178.176.240.49,8080
447,203.150.128.130,8080
448,103.58.74.2,8080
449,103.113.197.11,8080
450,103.10.54.154,8080
451,45.221.76.50,8080
452,45.231.29.45,8080
453,36.66.215.119,8080
454,167.233.7.67,3128
455,182.93.82.191,8080
456,180.183.122.144,8080
457,154.0.155.205,8080
458,36.92.10.95,3128
459,78.29.46.205,8080
460,182.48.94.238,8080
461,202.43.183.210,80
462,46.166.151.206,5836
463,49.156.45.227,8080
464,178.63.200.179,3128
465,180.246.181.173,8080
466,118.99.76.104,8080
467,156.155.136.11,3128
468,46.246.80.5,3128
469,170.81.57.153,8080
470,5.249.152.110,5836
471,103.4.164.205,8080
472,77.38.21.239,8080
473,41.254.47.196,8080
474,181.115.67.3,999
475,186.15.49.12,8080
476,36.81.255.249,8080
477,176.98.43.59,5836
478,103.83.36.134,5836
479,46.219.85.64,8080
480,203.177.127.197,8080
481,186.90.216.179,8080
482,54.38.141.159,3128
483,176.124.143.16,8080
484,41.60.237.173,8080
485,116.0.54.30,8080
486,114.239.90.140,4216
487,114.239.127.247,4216
488,45.178.133.20,999
489,69.162.65.44,5836
490,111.68.26.237,8080
491,45.230.169.129,999
492,139.162.2.207,80
493,136.243.32.244,5836
494,58.96.152.69,8080
495,49.12.74.215,3128
496,24.172.82.94,53281
497,200.69.84.77,999
498,122.129.117.19,8080
499,103.122.60.6,8080
